{"index": "evi", "Farm boundary": {"max": -0.007911392405064653, "min": -0.48872180451127584, "mean": -0.15528921850882768, "median": -0.1526588086631378, "std": 0.04230054872089101, "var": 0.001789336422088474, "pixels": 2284.0, "25_percent": -0.17529603730711799, "50_percent": -0.1526588086631378, "75_percent": -0.12959179456449274}}