{"Farm boundary": {"max": 0.8540671561987595, "min": 0.13191340170041196, "mean": 0.5608359988952537, "median": 0.5682001448531446, "std": 0.11495169586662055, "var": 0.013213892382612027, "pixels": 2284, "25_percent": 0.4847055135494457, "50_percent": 0.5682001448531446, "75_percent": 0.6399188477097839}}