{"index": "evi", "Farm boundary": {"max": 0.15800203873598367, "min": 0.06065857885615242, "mean": 0.11186202290856659, "median": 0.11145104895104917, "std": 0.012893163584908125, "var": 0.00016623366722720093, "pixels": 2284.0, "25_percent": 0.10323791647113988, "50_percent": 0.11145104895104917, "75_percent": 0.1201657816803109}}