{"Farm boundary": {"max": 0.8894026262252636, "min": 0.20801658604008294, "mean": 0.7320562291039905, "median": 0.7406213947237579, "std": 0.08705729983993955, "var": 0.0075789734554211384, "pixels": 2284, "25_percent": 0.6916000807518159, "50_percent": 0.7406213947237579, "75_percent": 0.7924243608960437}}