{"index": "ndvi", "Farm boundary": {"max": 0.7766687461010605, "min": 0.2264584290307763, "mean": 0.6209763828786143, "median": 0.6291377188152334, "std": 0.08110010047082968, "var": 0.006577226296378668, "pixels": 2284.0, "25_percent": 0.5692252322780922, "50_percent": 0.6291377188152334, "75_percent": 0.681736215125838}}