{"index": "ndvi", "Farm boundary": {"max": 0.9125702884092146, "min": 0.13756613756613756, "mean": 0.7265312926136782, "median": 0.7385830858334004, "std": 0.10818093778205612, "var": 0.011703115299405096, "pixels": 2284.0, "25_percent": 0.6631558380123814, "50_percent": 0.7385830858334004, "75_percent": 0.8096928195514373}}