{"index": "ndvi", "Farm boundary": {"max": 0.024414549078226207, "min": 0.0002591344908007256, "mean": 0.011185827893782746, "median": 0.011152416356877323, "std": 0.00334924340777208, "var": 1.1217431404504735e-05, "pixels": 2284.0, "25_percent": 0.00894187779433681, "50_percent": 0.011152416356877323, "75_percent": 0.01330704780680138}}