{"index": "evi", "Farm boundary": {"max": 0.6979600952948184, "min": 0.1442600156426523, "mean": 0.45951365742006245, "median": 0.4613248412073161, "std": 0.10323527302146356, "var": 0.01065752159581612, "pixels": 2284.0, "25_percent": 0.3803017217227221, "50_percent": 0.4613248412073161, "75_percent": 0.5378431952985739}}