{"index": "evi", "Farm boundary": {"max": 0.861738206981604, "min": 0.08947006194081211, "mean": 0.5523666934762994, "median": 0.5688193072069223, "std": 0.1490004639589627, "var": 0.022201138259986142, "pixels": 2284.0, "25_percent": 0.4527542601333174, "50_percent": 0.5688193072069223, "75_percent": 0.6726954390335114}}