{"index": "ndvi", "Farm boundary": {"max": 0.02920353982300885, "min": 0.012367491166077738, "mean": 0.02115606003371307, "median": 0.020982147038852646, "std": 0.0021346977305585317, "var": 4.5569344008517465e-06, "pixels": 2284.0, "25_percent": 0.019572953736654804, "50_percent": 0.020982147038852646, "75_percent": 0.02259636685866194}}