{"index": "ndvi", "Farm boundary": {"max": 0.926815947569634, "min": 0.27854753941710464, "mean": 0.8110740527688192, "median": 0.8225507224778035, "std": 0.08105514402135791, "var": 0.006569936372323073, "pixels": 1786.0, "25_percent": 0.7776093254226486, "50_percent": 0.8225507224778035, "75_percent": 0.8684224092571311}}