{"index": "evi", "Farm boundary": {"max": 274.99999999941855, "min": -0.8915304606240712, "mean": 1.667656599067433, "median": 0.5055292259083749, "std": 12.429489590828908, "var": 154.49221148852416, "pixels": 1588.0, "25_percent": 0.34156360303171346, "50_percent": 0.5055292259083749, "75_percent": 0.8432661763443318}}