{"index": "evi", "Farm boundary": {"max": 0.6509584664536743, "min": 0.16388666326753584, "mean": 0.3869860832187268, "median": 0.3791152221397115, "std": 0.08293405191964397, "var": 0.006878056967810201, "pixels": 1786.0, "25_percent": 0.32671710562514655, "50_percent": 0.3791152221397115, "75_percent": 0.43697231961165106}}