{"index": "evi", "Farm boundary": {"max": 0.8666205260035584, "min": 0.10908498860306094, "mean": 0.3000256723208072, "median": 0.2772383189921346, "std": 0.09940905803508256, "var": 0.009882160819422413, "pixels": 1786.0, "25_percent": 0.230820314320503, "50_percent": 0.2772383189921346, "75_percent": 0.34882001834943194}}