{"index": "ndvi", "Farm boundary": {"max": 0.052275291462956, "min": 0.005025125628140704, "mean": 0.024725188508663794, "median": 0.023910984111345877, "std": 0.00812314565869326, "var": 6.598549539234714e-05, "pixels": 1786.0, "25_percent": 0.018521378079747443, "50_percent": 0.023910984111345877, "75_percent": 0.0299561743778929}}