{"index": "evi", "Farm boundary": {"max": 0.18450184501845038, "min": 0.08245533669262499, "mean": 0.13016401977939618, "median": 0.12947269303201464, "std": 0.013983365242383866, "var": 0.0001955345035019092, "pixels": 1786.0, "25_percent": 0.12028301886792472, "50_percent": 0.12947269303201464, "75_percent": 0.13941696376291912}}