{"index": "ndvi", "Farm boundary": {"max": 0.030355594102341718, "min": 0.01576182136602452, "mean": 0.023393848919069878, "median": 0.023447681364031275, "std": 0.002130416171769939, "var": 4.538673064938883e-06, "pixels": 1786.0, "25_percent": 0.021929824561403508, "50_percent": 0.023447681364031275, "75_percent": 0.024858264282599216}}