{"index": "ndvi", "Farm boundary": {"max": 0.8714610456705931, "min": 0.297246850209986, "mean": 0.7010602136834312, "median": 0.6989054769372214, "std": 0.09225451067428199, "var": 0.00851089473975121, "pixels": 1786.0, "25_percent": 0.6505198711572165, "50_percent": 0.6989054769372214, "75_percent": 0.7678236345442806}}