{"index": "ndvi", "Farm boundary": {"max": 0.7569566748855231, "min": 0.0725144919610631, "mean": 0.27940419482470547, "median": 0.23701214475995486, "std": 0.16087721693305773, "var": 0.025881478928126117, "pixels": 1786.0, "25_percent": 0.14672633343095776, "50_percent": 0.23701214475995486, "75_percent": 0.38143624173407537}}