{"index": "evi", "Farm boundary": {"max": 0.8722877042593088, "min": 0.18811306143520912, "mean": 0.6988681778874926, "median": 0.7061183691470156, "std": 0.09411648967094263, "var": 0.008857913627980652, "pixels": 1786.0, "25_percent": 0.6541657638791376, "50_percent": 0.7061183691470156, "75_percent": 0.7593597856685756}}