{"index": "ndvi", "Farm boundary": {"max": 0.5836273817925194, "min": 0.20364741641337386, "mean": 0.3695741052861944, "median": 0.3567090904385091, "std": 0.07929434224583197, "var": 0.006287592712199134, "pixels": 1786.0, "25_percent": 0.3075098814229249, "50_percent": 0.3567090904385091, "75_percent": 0.4295414430315911}}