{"index": "evi", "Farm boundary": {"max": 0.7316284138118914, "min": 0.18574413745066173, "mean": 0.5382840769738202, "median": 0.5372930619066513, "std": 0.08407638669097232, "var": 0.007068838799009908, "pixels": 1786.0, "25_percent": 0.4898681474571989, "50_percent": 0.5372930619066513, "75_percent": 0.5923122296500197}}